{"OutputFileHashSum":"9643DBF0774E450B204BA6B4F8FB86960AB32411B36804D8B6CCBAE3DF5A39A4","Converted":true,"OutputModifyDate":"2025-06-27T10:02:24.5601459Z","Metadatas":[{"CategoryName":"VuGen.Replay","Offset":5247,"Length":112,"TypeId":3},{"CategoryName":"VuGen.Replay","Offset":3078,"Length":23,"TypeId":1},{"CategoryName":"VuGen.Replay","Offset":3267,"Length":136,"TypeId":2},{"CategoryName":"VuGen.Replay","Offset":3403,"Length":99,"TypeId":2},{"CategoryName":"VuGen.Replay","Offset":26901,"Length":84,"TypeId":2},{"CategoryName":"VuGen.Replay","Offset":960982,"Length":171,"TypeId":2},{"CategoryName":"VuGen.Replay","Offset":962531,"Length":52,"TypeId":3},{"CategoryName":"VuGen.Replay","Offset":967723,"Length":112,"TypeId":3}],"MetadataTypes":[{"CategoryName":"VuGen.Replay","MetadataTypeName":"HP.LR.Vugen.Iteration","Id":1},{"CategoryName":"VuGen.Replay","MetadataTypeName":"Utt.Debugger.Warning","Id":2},{"CategoryName":"VuGen.Replay","MetadataTypeName":"HP.LR.Vugen.NotifyTransaction","Id":3},{"CategoryName":"VuGen.Replay","MetadataTypeName":"Utt.Debugger.Error","Id":4},{"CategoryName":"VuGen.Replay","MetadataTypeName":"HP.LR.Vugen.NotifyAny","Id":5}]}