[
    {
        "actionName": "Action",
        "steps": [
            {
                "stepId": "STEP1",
                "stepName": "Url: www.advantageonlineshopping.com",
                "infFile": "t1.inf",
                "time": 1751018506642
            },
            {
                "stepId": "STEP2",
                "stepName": "Url: ALL",
                "infFile": "t2.inf",
                "time": 1751018507033
            },
            {
                "stepId": "STEP3",
                "stepName": "Custom Request: GetAccountConfigurationRequest",
                "infFile": "t3.inf",
                "time": 1751018507707
            },
            {
                "stepId": "STEP4",
                "stepName": "Url: categories",
                "infFile": "t4.inf",
                "time": 1751018508227
            },
            {
                "stepId": "STEP5",
                "stepName": "Url: search",
                "infFile": "t5.inf",
                "time": 1751018508765
            },
            {
                "stepId": "STEP6",
                "stepName": "Url: popularProducts.json",
                "infFile": "t6.inf",
                "time": 1751018509104
            },
            {
                "stepId": "STEP7",
                "stepName": "Url: home-page.html",
                "infFile": "t7.inf",
                "time": 1751018509769
            },
            {
                "stepId": "STEP8",
                "stepName": "Custom Request: AccountLoginRequest",
                "infFile": "t8.inf",
                "time": 1751018510528
            }
        ],
        "transactions": [
            {
                "transactionName": "login",
                "rawStartTime": 1751018509784,
                "rawEndTime": 1751018544550,
                "thinkTime": 0.0,
                "wastedTime": 0.0029485225677490236
            }
        ]
    }
]