<SOAP-ENV:Envelope xmlns:SOAP-ENV="http://schemas.xmlsoap.org/soap/envelope/"><SOAP-ENV:Header/><SOAP-ENV:Body><ns2:AccountLoginResponse xmlns:ns2="com.advantage.online.store.accountservice"><ns2:StatusMessage><ns2:success>true</ns2:success><ns2:userId>351837923</ns2:userId><ns2:reason>Login Successful</ns2:reason><ns2:token>eyJ0eXAiOiJKV1QiLCJhbGciOiJIUzI1NiJ9.eyJpc3MiOiJ3d3cuYWR2YW50YWdlb25saW5lc2hvcHBpbmcuY29tIiwidXNlcklkIjozNTE4Mzc5MjMsInN1YiI6InNhaWt1bWFyIiwicm9sZSI6IlVTRVIifQ.nmWOX0-VaJ86ebdwsqUbnh3759paN2HNVV8HKcXeU8E</ns2:token><ns2:sessionId>197b0c3c0a2@7E961B92930^i%351837923</ns2:sessionId><ns2:t_authorization>c2Fpa3VtYXI6U2Fpc3JhQDE0Mw==</ns2:t_authorization><ns2:accountType>20</ns2:accountType></ns2:StatusMessage></ns2:AccountLoginResponse></SOAP-ENV:Body></SOAP-ENV:Envelope>