{"categoryId":1,"categoryName":"LAPTOPS","categoryImageId":"laptops","promotedProduct":{"id":3,"staringPrice":"650","promotionHeader":"EXPLORE THE NEW DESIGN","promotionSubHeader":"Supremely thin, yet incredibly durable","productName":"HP Pavilion 15z Touch Laptop","price":449.99,"description":"Redesigned with you in mind, the HP Pavilion keeps getting better. Our best-selling notebook is now more powerful so you can watch more, play more, and store more, all in style.","imageUrl":"1300","attributes":[{"attributeName":"DISPLAY","attributeValue":"15.6-inch diagonal Full HD WLED-backlit Display (1920x1080) Touchscreen"},{"attributeName":"OPERATING SYSTEM","attributeValue":"Windows 10"},{"attributeName":"DISPLAY RESOLUTION","attributeValue":"1920x1080"},{"attributeName":"CUSTOMIZATION","attributeValue":"Simplicity"},{"attributeName":"MEMORY","attributeValue":"16GB DDR3 - 2 DIMM"},{"attributeName":"TOUCHSCREEN","attributeValue":"Yes"},{"attributeName":"PROCESSOR","attributeValue":"AMD Quad-Core A10-8700P Processor + AMD Radeon(TM) R6 Graphics"},{"attributeName":"WEIGHT","attributeValue":"5.51 lb"},{"attributeName":"DISPLAY SIZE","attributeValue":"15.6"}]},"attributes":[{"attributeName":"CUSTOMIZATION","attributeValues":["2-in-1","Simplicity","Gaming","Business"]},{"attributeName":"OPERATING SYSTEM","attributeValues":["Windows 8.1","Windows 7 Professional 64","Chrome OS","Windows 10"]},{"attributeName":"PROCESSOR","attributeValues":["Intel(R) Core(TM) i5-6200U Dual CoreProcessor","AMD Quad-Core A10-8700P Processor + AMD Radeon(TM) R6 Graphics","Intel® Core™ i7-4710MQ with Intel HD Graphics 4600 (2.5 GHz, up to 3.5 GHz with Intel Turbo Boost Technology, 6 MB cache, 4 cores)","Intel(R) Core(TM) i5-6200U Dual Core Processor","Intel® Celeron® processor","Intel® Core™ i7-5500U with Intel HD Graphics 5500 (2.4 GHz, 4 MB cache, 2 cores)","Intel(R) Celeron(R) N3050 Processor","Intel(R) Core(TM) i7-5500U Dual Core Processor","Intel Turbo Boost Technology","intel(R) Core(TM) i5-6300HQ"]},{"attributeName":"MEMORY","attributeValues":["16GB DDR3 - 2 DIMM","8 GB DDR3L SDRAM (1 x 8 GB)","8 GB 1600 MHz DDR3L SDRAM (2 x 4 GB)","8GB DDR3L - 1 DIMM","2 GB 1333 MHz DDR3 SDRAM"]},{"attributeName":"DISPLAY","attributeValues":["14-diagonal HD WLED Brightview flat SVA (1366 x 768)","13.3 inch diagonal QHD IPS Radiance Infinity LED-backlit touch screen (2560 x 1440)","15.6-inch diagonal HD WLED-backlit Display (1366x768) Touchscreen","15.6-inch diagonal HD BrightView WLED-backlit Display (1366x768)","15.6-inch diagonal Full HD WLED-backlit Display (1920x1080) Touchscreen","14-inch diagonal LED-backlit HD+ SVA Anti-Glare (1600x900)","17.3-inch diagonal Full HD WLED-backlit IPS Display (1920x1080) Touchscreen","11.6-inch diagonal HD WLED-backlit IPS Display (1366x768) Touchscreen","11.6-diagonal HD anti-glare WLED-backlit (1366 x 768)","17.3 inch diagonal LED-backlit FHD WVA anti-glare (1920 x 1080)","15.6-inch diagonal Full HD WLED-backlit IPS Display (1920x1080) Touchscreen"]},{"attributeName":"WEIGHT","attributeValues":["4.96 lb","7.25 lb","3.21 lb","7.42 lb","3.2 lb","4 lb","3.4 lb","5.51 lb","2.3 lb","3.17 lb","2.6 lb"]},{"attributeName":"DISPLAY SIZE","attributeValues":["13.3","14","15.6","17.3","11.6"]},{"attributeName":"DISPLAY RESOLUTION","attributeValues":["1920x1080","1600x900","2560x1440","1366x768"]},{"attributeName":"TOUCHSCREEN","attributeValues":["No","Yes"]}],"products":[{"productId":9,"categoryId":1,"productName":"HP Chromebook 14 G1(ENERGY STAR)","price":299.99,"description":"This HP notebook is all about getting the perfect combination of design, reliability, and features. Style and productivity while keeping your wallet in mind - now that's something to get excited about.","imageUrl":"1249","attributes":[{"attributeName":"DISPLAY RESOLUTION","attributeValue":"1366x768"},{"attributeName":"CUSTOMIZATION","attributeValue":"Simplicity"},{"attributeName":"MEMORY","attributeValue":"16GB DDR3 - 2 DIMM"},{"attributeName":"DISPLAY SIZE","attributeValue":"14"},{"attributeName":"DISPLAY","attributeValue":"14-diagonal HD WLED Brightview flat SVA (1366 x 768)"},{"attributeName":"WEIGHT","attributeValue":"2.3 lb"},{"attributeName":"PROCESSOR","attributeValue":"Intel® Celeron® processor"},{"attributeName":"OPERATING SYSTEM","attributeValue":"Chrome OS"},{"attributeName":"TOUCHSCREEN","attributeValue":"No"}],"colors":[{"code":"414141","name":"BLACK","inStock":10},{"code":"C3C3C3","name":"GRAY","inStock":10},{"code":"FFFFFF","name":"WHITE","inStock":10}],"images":["ABCDEF##1249"],"productStatus":"Active"},{"productId":10,"categoryId":1,"productName":"HP Chromebook 14 G1(ES)","price":1261.99,"description":"Introducing the next generation HP EliteBook Folio 9480m Ultrabook™[2]. Timeless, ultra slim profile in an all metal design with optional 4G Broadband wWAN, and 4th Generation Intel® Core™ Processing Technology.","imageUrl":"1250","attributes":[{"attributeName":"DISPLAY","attributeValue":"14-inch diagonal LED-backlit HD+ SVA Anti-Glare (1600x900)"},{"attributeName":"DISPLAY RESOLUTION","attributeValue":"1600x900"},{"attributeName":"OPERATING SYSTEM","attributeValue":"Windows 10"},{"attributeName":"CUSTOMIZATION","attributeValue":"Business"},{"attributeName":"PROCESSOR","attributeValue":"Intel(R) Core(TM) i5-6200U Dual CoreProcessor"},{"attributeName":"WEIGHT","attributeValue":"3.2 lb"},{"attributeName":"DISPLAY SIZE","attributeValue":"14"},{"attributeName":"MEMORY","attributeValue":"16GB DDR3 - 2 DIMM"},{"attributeName":"TOUCHSCREEN","attributeValue":"No"}],"colors":[{"code":"C3C3C3","name":"GRAY","inStock":10}],"images":["C3C3C3##1250"],"productStatus":"Active"},{"productId":7,"categoryId":1,"productName":"HP ENVY - 17t Touch Laptop","price":849.99,"description":"We took our remarkable 360° convertible PC and enhanced it with premium features to give you ultimate flexibility and enviable looks.","imageUrl":"1700","attributes":[{"attributeName":"PROCESSOR","attributeValue":"Intel(R) Core(TM) i7-5500U Dual Core Processor"},{"attributeName":"DISPLAY SIZE","attributeValue":"17.3"},{"attributeName":"OPERATING SYSTEM","attributeValue":"Windows 10"},{"attributeName":"DISPLAY","attributeValue":"17.3-inch diagonal Full HD WLED-backlit IPS Display (1920x1080) Touchscreen"},{"attributeName":"TOUCHSCREEN","attributeValue":"Yes"},{"attributeName":"CUSTOMIZATION","attributeValue":"Business"},{"attributeName":"MEMORY","attributeValue":"16GB DDR3 - 2 DIMM"},{"attributeName":"WEIGHT","attributeValue":"7.25 lb"},{"attributeName":"DISPLAY RESOLUTION","attributeValue":"1920x1080"}],"colors":[{"code":"C3C3C3","name":"GRAY","inStock":10}],"images":["ABCDEF##1700","ABCDEF##1702","ABCDEF##1703","C3C3C3##1701"],"productStatus":"Active"},{"productId":6,"categoryId":1,"productName":"HP ENVY x360 - 15t Laptop","price":699.99,"description":"We took our remarkable 360° convertible PC and enhanced it with premium features to give you ultimate flexibility and enviable looks.","imageUrl":"1600","attributes":[{"attributeName":"WEIGHT","attributeValue":"4.96 lb"},{"attributeName":"OPERATING SYSTEM","attributeValue":"Windows 10"},{"attributeName":"PROCESSOR","attributeValue":"intel(R) Core(TM) i5-6300HQ"},{"attributeName":"DISPLAY","attributeValue":"15.6-inch diagonal Full HD WLED-backlit IPS Display (1920x1080) Touchscreen"},{"attributeName":"CUSTOMIZATION","attributeValue":"2-in-1"},{"attributeName":"DISPLAY RESOLUTION","attributeValue":"1920x1080"},{"attributeName":"DISPLAY SIZE","attributeValue":"15.6"},{"attributeName":"TOUCHSCREEN","attributeValue":"Yes"},{"attributeName":"MEMORY","attributeValue":"8GB DDR3L - 1 DIMM"}],"colors":[{"code":"C3C3C3","name":"GRAY","inStock":10}],"images":["ABCDEF##1600","C3C3C3##1601","C3C3C3##1602","C3C3C3##1603"],"productStatus":"Active"},{"productId":1,"categoryId":1,"productName":"HP Pavilion 15t Touch Laptop","price":519.99,"description":"Redesigned with you in mind, the HP Pavilion keeps getting better. Our best-selling notebook is now more powerful so you can watch more, play more, and store more, all in style.","imageUrl":"1100","attributes":[{"attributeName":"WEIGHT","attributeValue":"4 lb"},{"attributeName":"DISPLAY SIZE","attributeValue":"15.6"},{"attributeName":"CUSTOMIZATION","attributeValue":"Gaming"},{"attributeName":"DISPLAY","attributeValue":"15.6-inch diagonal HD WLED-backlit Display (1366x768) Touchscreen"},{"attributeName":"TOUCHSCREEN","attributeValue":"Yes"},{"attributeName":"MEMORY","attributeValue":"16GB DDR3 - 2 DIMM"},{"attributeName":"OPERATING SYSTEM","attributeValue":"Windows 10"},{"attributeName":"PROCESSOR","attributeValue":"Intel(R) Core(TM) i5-6200U Dual CoreProcessor"},{"attributeName":"DISPLAY RESOLUTION","attributeValue":"1366x768"}],"colors":[{"code":"3683D1","name":"BLUE","inStock":10},{"code":"C3C3C3","name":"GRAY","inStock":10},{"code":"DD3A5B","name":"RED","inStock":10}],"images":["3683D1##1102","C3C3C3##1100","DD3A5B##1101","DD3A5B##1103"],"productStatus":"Active"},{"productId":2,"categoryId":1,"productName":"HP Pavilion 15z Laptop","price":549.99,"description":"Redesigned with you in mind, the HP Pavilion keeps getting better. Our best-selling notebook is now more powerful so you can watch more, play more, and store more, all in style.","imageUrl":"1200","attributes":[{"attributeName":"OPERATING SYSTEM","attributeValue":"Windows 10"},{"attributeName":"WEIGHT","attributeValue":"3.4 lb"},{"attributeName":"DISPLAY RESOLUTION","attributeValue":"1366x768"},{"attributeName":"DISPLAY","attributeValue":"15.6-inch diagonal HD BrightView WLED-backlit Display (1366x768)"},{"attributeName":"TOUCHSCREEN","attributeValue":"No"},{"attributeName":"PROCESSOR","attributeValue":"Intel(R) Core(TM) i5-6200U Dual Core Processor"},{"attributeName":"CUSTOMIZATION","attributeValue":"Simplicity"},{"attributeName":"MEMORY","attributeValue":"16GB DDR3 - 2 DIMM"},{"attributeName":"DISPLAY SIZE","attributeValue":"15.6"}],"colors":[{"code":"414141","name":"BLACK","inStock":10},{"code":"3683D1","name":"BLUE","inStock":10},{"code":"C3C3C3","name":"GRAY","inStock":10},{"code":"DD3A5B","name":"RED","inStock":10}],"images":["3683D1##1200","3683D1##1201","414141##1202","DD3A5B##1203"],"productStatus":"Active"},{"productId":3,"categoryId":1,"productName":"HP Pavilion 15z Touch Laptop","price":449.99,"description":"Redesigned with you in mind, the HP Pavilion keeps getting better. Our best-selling notebook is now more powerful so you can watch more, play more, and store more, all in style.","imageUrl":"1300","attributes":[{"attributeName":"DISPLAY","attributeValue":"15.6-inch diagonal Full HD WLED-backlit Display (1920x1080) Touchscreen"},{"attributeName":"OPERATING SYSTEM","attributeValue":"Windows 10"},{"attributeName":"DISPLAY RESOLUTION","attributeValue":"1920x1080"},{"attributeName":"CUSTOMIZATION","attributeValue":"Simplicity"},{"attributeName":"MEMORY","attributeValue":"16GB DDR3 - 2 DIMM"},{"attributeName":"TOUCHSCREEN","attributeValue":"Yes"},{"attributeName":"PROCESSOR","attributeValue":"AMD Quad-Core A10-8700P Processor + AMD Radeon(TM) R6 Graphics"},{"attributeName":"WEIGHT","attributeValue":"5.51 lb"},{"attributeName":"DISPLAY SIZE","attributeValue":"15.6"}],"colors":[{"code":"414141","name":"BLACK","inStock":10},{"code":"3683D1","name":"BLUE","inStock":10},{"code":"C3C3C3","name":"GRAY","inStock":10},{"code":"545195","name":"PURPLE","inStock":10},{"code":"DD3A5B","name":"RED","inStock":10},{"code":"FCC23D","name":"YELLOW","inStock":10}],"images":["3683D1##1300","414141##1301","414141##1302","C3C3C3##1301","C3C3C3##1302"],"productStatus":"Active"},{"productId":11,"categoryId":1,"productName":"HP Pavilion x360 - 11t Touch Laptop","price":319.99,"description":"There’s no limit to what this value-packed convertible PC can do. Easily convert from notebook to stand to tent to tablet mode. It’s an app-loving, friend-connecting, 360°-bending machine.","imageUrl":"11100","attributes":[{"attributeName":"TOUCHSCREEN","attributeValue":"Yes"},{"attributeName":"MEMORY","attributeValue":"8GB DDR3L - 1 DIMM"},{"attributeName":"DISPLAY SIZE","attributeValue":"11.6"},{"attributeName":"CUSTOMIZATION","attributeValue":"Simplicity"},{"attributeName":"DISPLAY","attributeValue":"11.6-inch diagonal HD WLED-backlit IPS Display (1366x768) Touchscreen"},{"attributeName":"DISPLAY RESOLUTION","attributeValue":"1366x768"},{"attributeName":"WEIGHT","attributeValue":"3.21 lb"},{"attributeName":"OPERATING SYSTEM","attributeValue":"Windows 10"},{"attributeName":"PROCESSOR","attributeValue":"Intel(R) Celeron(R) N3050 Processor"}],"colors":[{"code":"C3C3C3","name":"GRAY","inStock":10},{"code":"DD3A5B","name":"RED","inStock":10},{"code":"55CDD5","name":"TURQUOISE","inStock":10}],"images":["55CDD5##11100","C3C3C3##11101","C3C3C3##11102","DD3A5B##11103"],"productStatus":"Active"},{"productId":4,"categoryId":1,"productName":"HP Spectre x360 - 13-4102dx","price":1399.99,"description":"Stunning, ultra-slim convertible PC with a 360° hinge","imageUrl":"1400","attributes":[{"attributeName":"MEMORY","attributeValue":"8 GB DDR3L SDRAM (1 x 8 GB)"},{"attributeName":"TOUCHSCREEN","attributeValue":"Yes"},{"attributeName":"CUSTOMIZATION","attributeValue":"2-in-1"},{"attributeName":"DISPLAY SIZE","attributeValue":"13.3"},{"attributeName":"WEIGHT","attributeValue":"3.17 lb"},{"attributeName":"OPERATING SYSTEM","attributeValue":"Windows 10"},{"attributeName":"PROCESSOR","attributeValue":"Intel® Core™ i7-5500U with Intel HD Graphics 5500 (2.4 GHz, 4 MB cache, 2 cores)"},{"attributeName":"DISPLAY","attributeValue":"13.3 inch diagonal QHD IPS Radiance Infinity LED-backlit touch screen (2560 x 1440)"},{"attributeName":"DISPLAY RESOLUTION","attributeValue":"2560x1440"}],"colors":[{"code":"C3C3C3","name":"GRAY","inStock":10}],"images":["C3C3C3##1400","C3C3C3##1401","C3C3C3##1402","C3C3C3##1403"],"productStatus":"Active"},{"productId":5,"categoryId":1,"productName":"HP Stream - 11-d020nr Laptop","price":179.99,"description":"Work from a happy place with a stylish, affordable, Windows-based PC. Store your content in the cloud for easy access from anywhere you have internet.","imageUrl":"1245","attributes":[{"attributeName":"WEIGHT","attributeValue":"2.6 lb"},{"attributeName":"OPERATING SYSTEM","attributeValue":"Windows 8.1"},{"attributeName":"PROCESSOR","attributeValue":"Intel Turbo Boost Technology"},{"attributeName":"DISPLAY RESOLUTION","attributeValue":"1366x768"},{"attributeName":"MEMORY","attributeValue":"2 GB 1333 MHz DDR3 SDRAM"},{"attributeName":"DISPLAY","attributeValue":"11.6-diagonal HD anti-glare WLED-backlit (1366 x 768)"},{"attributeName":"CUSTOMIZATION","attributeValue":"Gaming"},{"attributeName":"DISPLAY SIZE","attributeValue":"11.6"},{"attributeName":"TOUCHSCREEN","attributeValue":"No"}],"colors":[{"code":"3683D1","name":"BLUE","inStock":10},{"code":"545195","name":"PURPLE","inStock":10}],"images":["3683D1##1501","3683D1##1502","545195##1245"],"productStatus":"Active"},{"productId":8,"categoryId":1,"productName":"HP ZBook 17 G2 Mobile Workstation","price":1799.0,"description":"On the go creativity knows no limits on a vivid 17.3 inch diagonal HP ZBook 17 G2. Showcase your best work in the office or on the go and take advantage of HP’s most powerful processing, graphics, simple scalability, and blazing-fast connectivity to perform and collaborate at the speed of creativity.","imageUrl":"1800","attributes":[{"attributeName":"PROCESSOR","attributeValue":"Intel® Core™ i7-4710MQ with Intel HD Graphics 4600 (2.5 GHz, up to 3.5 GHz with Intel Turbo Boost Technology, 6 MB cache, 4 cores)"},{"attributeName":"MEMORY","attributeValue":"8 GB 1600 MHz DDR3L SDRAM (2 x 4 GB)"},{"attributeName":"DISPLAY SIZE","attributeValue":"17.3"},{"attributeName":"DISPLAY RESOLUTION","attributeValue":"1920x1080"},{"attributeName":"CUSTOMIZATION","attributeValue":"Business"},{"attributeName":"WEIGHT","attributeValue":"7.42 lb"},{"attributeName":"TOUCHSCREEN","attributeValue":"No"},{"attributeName":"DISPLAY","attributeValue":"17.3 inch diagonal LED-backlit FHD WVA anti-glare (1920 x 1080)"},{"attributeName":"OPERATING SYSTEM","attributeValue":"Windows 7 Professional 64"}],"colors":[{"code":"414141","name":"BLACK","inStock":10},{"code":"C3C3C3","name":"GRAY","inStock":10}],"images":["ABCDEF##1800","ABCDEF##1801","ABCDEF##1802","ABCDEF##1803"],"productStatus":"Active"}],"colors":["414141","3683D1","545195","C3C3C3","DD3A5B","55CDD5","FFFFFF","FCC23D"]}