<SOAP-ENV:Envelope xmlns:SOAP-ENV="http://schemas.xmlsoap.org/soap/envelope/"><SOAP-ENV:Header/><SOAP-ENV:Body><ns2:GetAccountByIdResponse xmlns:ns2="com.advantage.online.store.accountservice"><ns2:AccountResponse><ns2:id>351837923</ns2:id><ns2:lastName>kumar</ns2:lastName><ns2:firstName>sai</ns2:firstName><ns2:loginName>saikumar</ns2:loginName><ns2:accountType>20</ns2:accountType><ns2:countryId>92</ns2:countryId><ns2:countryName>India</ns2:countryName><ns2:countryIsoName>in</ns2:countryIsoName><ns2:stateProvince>telangana</ns2:stateProvince><ns2:cityName>hyderbad</ns2:cityName><ns2:address>11-23</ns2:address><ns2:zipcode>500060</ns2:zipcode><ns2:phoneNumber>9000035023</ns2:phoneNumber><ns2:email>saikumar10005@gmail.com</ns2:email><ns2:defaultPaymentMethodId>0</ns2:defaultPaymentMethodId><ns2:allowOffersPromotion>true</ns2:allowOffersPromotion><ns2:internalUnsuccessfulLoginAttempts>0</ns2:internalUnsuccessfulLoginAttempts><ns2:internalUserBlockedFromLoginUntil>0</ns2:internalUserBlockedFromLoginUntil><ns2:internalLastSuccesssulLogin>0</ns2:internalLastSuccesssulLogin><ns2:loginPassword>76f54c33f3203b263541ec498d742b69262961a5</ns2:loginPassword><ns2:aobUser>false</ns2:aobUser></ns2:AccountResponse></ns2:GetAccountByIdResponse></SOAP-ENV:Body></SOAP-ENV:Envelope>